<?xml version="1.0" encoding="utf-8"?>
<FormState xmlns:xsi="http://www.w3.org/2001/XMLSchema-instance" xmlns:xsd="http://www.w3.org/2001/XMLSchema">
  <FormName>Form1</FormName>
  <Controls>
    <ControlState>
      <Name>statusStrip1</Name>
    </ControlState>
    <ControlState>
      <Name>buttonClearDic</Name>
    </ControlState>
    <ControlState>
      <Name>buttonDicNoSelectAll</Name>
    </ControlState>
    <ControlState>
      <Name>buttonDicUnSelectAll</Name>
    </ControlState>
    <ControlState>
      <Name>buttonDicSelectAll</Name>
    </ControlState>
    <ControlState>
      <Name>buttonRefreashDic</Name>
    </ControlState>
    <ControlState>
      <Name>groupBoxResult</Name>
      <ChildControls>
        <ControlState>
          <Name>labelResultCount</Name>
        </ControlState>
        <ControlState>
          <Name>progressBarResult</Name>
        </ControlState>
        <ControlState>
          <Name>listViewResult</Name>
        </ControlState>
      </ChildControls>
    </ControlState>
    <ControlState>
      <Name>listViewDic</Name>
    </ControlState>
    <ControlState>
      <Name>groupBoxParams</Name>
      <ChildControls>
        <ControlState>
          <Name>buttonStop</Name>
        </ControlState>
        <ControlState>
          <Name>textBoxExcludeRetMsg</Name>
          <Value>认证失败|错误</Value>
        </ControlState>
        <ControlState>
          <Name>label8</Name>
        </ControlState>
        <ControlState>
          <Name>textBoxRetStatusCode</Name>
          <Value>200|3xx|401|403|405|406|5xx</Value>
        </ControlState>
        <ControlState>
          <Name>label7</Name>
        </ControlState>
        <ControlState>
          <Name>textBoxProxyUrl</Name>
          <Value>http://127.0.0.1:3000</Value>
        </ControlState>
        <ControlState>
          <Name>label6</Name>
        </ControlState>
        <ControlState>
          <Name>textBoxTarget</Name>
          <Value>https://xxx.com/{路径}</Value>
        </ControlState>
        <ControlState>
          <Name>label5</Name>
        </ControlState>
        <ControlState>
          <Name>buttonAttack</Name>
        </ControlState>
        <ControlState>
          <Name>textBoxDelay</Name>
          <Value>0</Value>
        </ControlState>
        <ControlState>
          <Name>label4</Name>
        </ControlState>
        <ControlState>
          <Name>checkBoxScanMethodHead</Name>
          <Value>False</Value>
        </ControlState>
        <ControlState>
          <Name>checkBoxScanMethodPost</Name>
          <Value>False</Value>
        </ControlState>
        <ControlState>
          <Name>checkBoxScanMethodGet</Name>
          <Value>True</Value>
        </ControlState>
        <ControlState>
          <Name>label3</Name>
        </ControlState>
        <ControlState>
          <Name>groupBox2</Name>
          <ChildControls>
            <ControlState>
              <Name>textBoxRequestHeader</Name>
              <Value>User-Agent : Mozilla/5.0 (Windows NT 10.0; Win64; x64) AppleWebKit/537.36 (KHTML, like Gecko) Chrome/60.0.3112.90 Safari/537.36
Token: 123</Value>
            </ControlState>
          </ChildControls>
        </ControlState>
        <ControlState>
          <Name>textBoxTimeout</Name>
          <Value>10000</Value>
        </ControlState>
        <ControlState>
          <Name>label2</Name>
        </ControlState>
        <ControlState>
          <Name>textBoxScanThreadNum</Name>
          <Value>10</Value>
        </ControlState>
        <ControlState>
          <Name>label1</Name>
        </ControlState>
      </ChildControls>
    </ControlState>
  </Controls>
</FormState>